{
  "format_version": "1.16.0",
  "minecraft:feature_rules": {
    "description": {
      "identifier": "minecraft:sculk_catalyst_feature",
      "places_feature": "minecraft:sculk_catalyst_snap_to_floor_feature"
    },
    "conditions": {
      "placement_pass": "after_surface_pass",
      "minecraft:biome_filter": [
        {
          "test": "has_biome_tag",
          "operator": "==",
          "value": "deep_dark"
        }
      ]
    },
    "distribution": {
      "iterations": 10,
      "scatter_chance": {
        "numerator": 1,
        "denominator": 25
      },
      "x": {
        "distribution": "uniform",
        "extent": [ 0, 16 ]
      },
      "y": {
        "distribution": "uniform",
        "extent": [
          -63, 20
        ]
      },
      "z": {
        "distribution": "uniform",
        "extent": [ 0, 16 ]
      }
    }
  }
}
